{"pages":["bryant.png"],"chars":[{"id":0,"x":0,"y":0,"width":0,"height":0,"xoffset":-3,"yoffset":0,"xadvance":78,"page":0,"chnl":0},{"id":10,"x":0,"y":0,"width":0,"height":0,"xoffset":-3,"yoffset":0,"xadvance":0,"page":0,"chnl":0},{"id":32,"x":0,"y":0,"width":0,"height":0,"xoffset":-3,"yoffset":0,"xadvance":23,"page":0,"chnl":0},{"id":33,"x":101,"y":208,"width":20,"height":63,"xoffset":-3,"yoffset":15,"xadvance":26,"page":0,"chnl":0},{"id":34,"x":314,"y":443,"width":31,"height":29,"xoffset":-3,"yoffset":16,"xadvance":36,"page":0,"chnl":0},{"id":35,"x":406,"y":0,"width":50,"height":64,"xoffset":-3,"yoffset":15,"xadvance":47,"page":0,"chnl":0},{"id":36,"x":286,"y":0,"width":49,"height":74,"xoffset":-3,"yoffset":10,"xadvance":48,"page":0,"chnl":0},{"id":37,"x":229,"y":208,"width":64,"height":63,"xoffset":-3,"yoffset":15,"xadvance":61,"page":0,"chnl":0},{"id":38,"x":293,"y":208,"width":61,"height":63,"xoffset":-3,"yoffset":15,"xadvance":58,"page":0,"chnl":0},{"id":39,"x":345,"y":443,"width":17,"height":29,"xoffset":-3,"yoffset":16,"xadvance":22,"page":0,"chnl":0},{"id":40,"x":49,"y":0,"width":26,"height":77,"xoffset":-3,"yoffset":11,"xadvance":25,"page":0,"chnl":0},{"id":41,"x":75,"y":0,"width":27,"height":77,"xoffset":-3,"yoffset":11,"xadvance":25,"page":0,"chnl":0},{"id":42,"x":258,"y":443,"width":36,"height":35,"xoffset":-3,"yoffset":15,"xadvance":30,"page":0,"chnl":0},{"id":43,"x":176,"y":443,"width":44,"height":43,"xoffset":-3,"yoffset":35,"xadvance":42,"page":0,"chnl":0},{"id":44,"x":294,"y":443,"width":20,"height":33,"xoffset":-3,"yoffset":58,"xadvance":25,"page":0,"chnl":0},{"id":45,"x":0,"y":487,"width":32,"height":18,"xoffset":-3,"yoffset":43,"xadvance":36,"page":0,"chnl":0},{"id":46,"x":466,"y":443,"width":20,"height":20,"xoffset":-3,"yoffset":58,"xadvance":25,"page":0,"chnl":0},{"id":47,"x":335,"y":0,"width":36,"height":73,"xoffset":-3,"yoffset":12,"xadvance":32,"page":0,"chnl":0},{"id":48,"x":50,"y":208,"width":51,"height":63,"xoffset":-3,"yoffset":15,"xadvance":50,"page":0,"chnl":0},{"id":49,"x":272,"y":271,"width":36,"height":62,"xoffset":-3,"yoffset":16,"xadvance":35,"page":0,"chnl":0},{"id":50,"x":308,"y":271,"width":51,"height":62,"xoffset":-3,"yoffset":15,"xadvance":52,"page":0,"chnl":0},{"id":51,"x":350,"y":145,"width":52,"height":63,"xoffset":-3,"yoffset":15,"xadvance":49,"page":0,"chnl":0},{"id":52,"x":359,"y":271,"width":60,"height":62,"xoffset":-3,"yoffset":16,"xadvance":55,"page":0,"chnl":0},{"id":53,"x":419,"y":271,"width":51,"height":62,"xoffset":-3,"yoffset":16,"xadvance":49,"page":0,"chnl":0},{"id":54,"x":402,"y":145,"width":50,"height":63,"xoffset":-3,"yoffset":15,"xadvance":49,"page":0,"chnl":0},{"id":55,"x":0,"y":333,"width":53,"height":62,"xoffset":-3,"yoffset":16,"xadvance":49,"page":0,"chnl":0},{"id":56,"x":452,"y":145,"width":51,"height":63,"xoffset":-3,"yoffset":15,"xadvance":52,"page":0,"chnl":0},{"id":57,"x":0,"y":208,"width":50,"height":63,"xoffset":-3,"yoffset":15,"xadvance":49,"page":0,"chnl":0},{"id":58,"x":479,"y":395,"width":20,"height":44,"xoffset":-3,"yoffset":34,"xadvance":25,"page":0,"chnl":0},{"id":59,"x":484,"y":333,"width":20,"height":57,"xoffset":-3,"yoffset":34,"xadvance":25,"page":0,"chnl":0},{"id":60,"x":0,"y":395,"width":44,"height":48,"xoffset":-3,"yoffset":30,"xadvance":51,"page":0,"chnl":0},{"id":61,"x":362,"y":443,"width":37,"height":29,"xoffset":-3,"yoffset":39,"xadvance":41,"page":0,"chnl":0},{"id":62,"x":44,"y":395,"width":45,"height":48,"xoffset":-3,"yoffset":30,"xadvance":51,"page":0,"chnl":0},{"id":63,"x":121,"y":208,"width":44,"height":63,"xoffset":-3,"yoffset":15,"xadvance":43,"page":0,"chnl":0},{"id":64,"x":165,"y":208,"width":64,"height":63,"xoffset":-3,"yoffset":15,"xadvance":64,"page":0,"chnl":0},{"id":65,"x":0,"y":82,"width":58,"height":63,"xoffset":-3,"yoffset":15,"xadvance":52,"page":0,"chnl":0},{"id":66,"x":53,"y":333,"width":52,"height":61,"xoffset":-3,"yoffset":16,"xadvance":54,"page":0,"chnl":0},{"id":67,"x":58,"y":82,"width":56,"height":63,"xoffset":-3,"yoffset":15,"xadvance":54,"page":0,"chnl":0},{"id":68,"x":105,"y":333,"width":54,"height":61,"xoffset":-3,"yoffset":16,"xadvance":56,"page":0,"chnl":0},{"id":69,"x":159,"y":333,"width":48,"height":61,"xoffset":-3,"yoffset":16,"xadvance":51,"page":0,"chnl":0},{"id":70,"x":354,"y":208,"width":47,"height":62,"xoffset":-3,"yoffset":16,"xadvance":48,"page":0,"chnl":0},{"id":71,"x":114,"y":82,"width":58,"height":63,"xoffset":-3,"yoffset":15,"xadvance":57,"page":0,"chnl":0},{"id":72,"x":456,"y":0,"width":53,"height":63,"xoffset":-3,"yoffset":15,"xadvance":60,"page":0,"chnl":0},{"id":73,"x":172,"y":82,"width":19,"height":63,"xoffset":-3,"yoffset":15,"xadvance":26,"page":0,"chnl":0},{"id":74,"x":401,"y":208,"width":50,"height":62,"xoffset":-3,"yoffset":16,"xadvance":50,"page":0,"chnl":0},{"id":75,"x":451,"y":208,"width":52,"height":62,"xoffset":-3,"yoffset":16,"xadvance":56,"page":0,"chnl":0},{"id":76,"x":207,"y":333,"width":47,"height":61,"xoffset":-3,"yoffset":16,"xadvance":48,"page":0,"chnl":0},{"id":77,"x":191,"y":82,"width":62,"height":63,"xoffset":-3,"yoffset":15,"xadvance":69,"page":0,"chnl":0},{"id":78,"x":253,"y":82,"width":52,"height":63,"xoffset":-3,"yoffset":15,"xadvance":59,"page":0,"chnl":0},{"id":79,"x":305,"y":82,"width":63,"height":63,"xoffset":-3,"yoffset":15,"xadvance":60,"page":0,"chnl":0},{"id":80,"x":0,"y":271,"width":53,"height":62,"xoffset":-3,"yoffset":16,"xadvance":53,"page":0,"chnl":0},{"id":81,"x":168,"y":0,"width":63,"height":74,"xoffset":-3,"yoffset":15,"xadvance":60,"page":0,"chnl":0},{"id":82,"x":53,"y":271,"width":53,"height":62,"xoffset":-3,"yoffset":16,"xadvance":57,"page":0,"chnl":0},{"id":83,"x":368,"y":82,"width":53,"height":63,"xoffset":-3,"yoffset":15,"xadvance":52,"page":0,"chnl":0},{"id":84,"x":106,"y":271,"width":58,"height":62,"xoffset":-3,"yoffset":16,"xadvance":49,"page":0,"chnl":0},{"id":85,"x":164,"y":271,"width":54,"height":62,"xoffset":-3,"yoffset":16,"xadvance":59,"page":0,"chnl":0},{"id":86,"x":421,"y":82,"width":56,"height":63,"xoffset":-3,"yoffset":15,"xadvance":50,"page":0,"chnl":0},{"id":87,"x":0,"y":145,"width":72,"height":63,"xoffset":-3,"yoffset":15,"xadvance":66,"page":0,"chnl":0},{"id":88,"x":72,"y":145,"width":52,"height":63,"xoffset":-3,"yoffset":15,"xadvance":48,"page":0,"chnl":0},{"id":89,"x":218,"y":271,"width":54,"height":62,"xoffset":-3,"yoffset":16,"xadvance":48,"page":0,"chnl":0},{"id":90,"x":254,"y":333,"width":53,"height":61,"xoffset":-3,"yoffset":16,"xadvance":51,"page":0,"chnl":0},{"id":91,"x":231,"y":0,"width":27,"height":74,"xoffset":-3,"yoffset":13,"xadvance":30,"page":0,"chnl":0},{"id":92,"x":371,"y":0,"width":35,"height":73,"xoffset":-3,"yoffset":12,"xadvance":31,"page":0,"chnl":0},{"id":93,"x":258,"y":0,"width":28,"height":74,"xoffset":-3,"yoffset":13,"xadvance":30,"page":0,"chnl":0},{"id":94,"x":220,"y":443,"width":38,"height":36,"xoffset":-3,"yoffset":15,"xadvance":36,"page":0,"chnl":0},{"id":95,"x":32,"y":487,"width":45,"height":14,"xoffset":-3,"yoffset":69,"xadvance":35,"page":0,"chnl":0},{"id":96,"x":399,"y":443,"width":25,"height":22,"xoffset":-3,"yoffset":16,"xadvance":29,"page":0,"chnl":0},{"id":97,"x":89,"y":395,"width":41,"height":45,"xoffset":-3,"yoffset":33,"xadvance":40,"page":0,"chnl":0},{"id":98,"x":124,"y":145,"width":44,"height":63,"xoffset":-3,"yoffset":15,"xadvance":44,"page":0,"chnl":0},{"id":99,"x":130,"y":395,"width":39,"height":45,"xoffset":-3,"yoffset":33,"xadvance":38,"page":0,"chnl":0},{"id":100,"x":168,"y":145,"width":44,"height":63,"xoffset":-3,"yoffset":15,"xadvance":44,"page":0,"chnl":0},{"id":101,"x":169,"y":395,"width":44,"height":45,"xoffset":-3,"yoffset":33,"xadvance":41,"page":0,"chnl":0},{"id":102,"x":212,"y":145,"width":37,"height":63,"xoffset":-3,"yoffset":15,"xadvance":30,"page":0,"chnl":0},{"id":103,"x":307,"y":333,"width":45,"height":59,"xoffset":-3,"yoffset":33,"xadvance":44,"page":0,"chnl":0},{"id":104,"x":249,"y":145,"width":43,"height":63,"xoffset":-3,"yoffset":15,"xadvance":45,"page":0,"chnl":0},{"id":105,"x":477,"y":82,"width":18,"height":63,"xoffset":-3,"yoffset":15,"xadvance":22,"page":0,"chnl":0},{"id":106,"x":15,"y":0,"width":34,"height":77,"xoffset":-3,"yoffset":15,"xadvance":22,"page":0,"chnl":0},{"id":107,"x":292,"y":145,"width":40,"height":63,"xoffset":-3,"yoffset":15,"xadvance":42,"page":0,"chnl":0},{"id":108,"x":332,"y":145,"width":18,"height":63,"xoffset":-3,"yoffset":15,"xadvance":21,"page":0,"chnl":0},{"id":109,"x":213,"y":395,"width":64,"height":45,"xoffset":-3,"yoffset":33,"xadvance":66,"page":0,"chnl":0},{"id":110,"x":277,"y":395,"width":43,"height":45,"xoffset":-3,"yoffset":33,"xadvance":45,"page":0,"chnl":0},{"id":111,"x":320,"y":395,"width":44,"height":45,"xoffset":-3,"yoffset":33,"xadvance":41,"page":0,"chnl":0},{"id":112,"x":352,"y":333,"width":44,"height":59,"xoffset":-3,"yoffset":33,"xadvance":44,"page":0,"chnl":0},{"id":113,"x":396,"y":333,"width":44,"height":59,"xoffset":-3,"yoffset":33,"xadvance":44,"page":0,"chnl":0},{"id":114,"x":364,"y":395,"width":33,"height":45,"xoffset":-3,"yoffset":33,"xadvance":32,"page":0,"chnl":0},{"id":115,"x":397,"y":395,"width":39,"height":45,"xoffset":-3,"yoffset":33,"xadvance":37,"page":0,"chnl":0},{"id":116,"x":470,"y":271,"width":38,"height":59,"xoffset":-3,"yoffset":19,"xadvance":31,"page":0,"chnl":0},{"id":117,"x":436,"y":395,"width":43,"height":44,"xoffset":-3,"yoffset":34,"xadvance":45,"page":0,"chnl":0},{"id":118,"x":134,"y":443,"width":42,"height":43,"xoffset":-3,"yoffset":35,"xadvance":34,"page":0,"chnl":0},{"id":119,"x":0,"y":443,"width":56,"height":44,"xoffset":-3,"yoffset":34,"xadvance":50,"page":0,"chnl":0},{"id":120,"x":56,"y":443,"width":38,"height":44,"xoffset":-3,"yoffset":34,"xadvance":34,"page":0,"chnl":0},{"id":121,"x":440,"y":333,"width":44,"height":58,"xoffset":-3,"yoffset":34,"xadvance":37,"page":0,"chnl":0},{"id":122,"x":94,"y":443,"width":40,"height":44,"xoffset":-3,"yoffset":34,"xadvance":38,"page":0,"chnl":0},{"id":123,"x":102,"y":0,"width":33,"height":75,"xoffset":-3,"yoffset":13,"xadvance":27,"page":0,"chnl":0},{"id":124,"x":0,"y":0,"width":15,"height":82,"xoffset":-3,"yoffset":8,"xadvance":22,"page":0,"chnl":0},{"id":125,"x":135,"y":0,"width":33,"height":75,"xoffset":-3,"yoffset":13,"xadvance":27,"page":0,"chnl":0},{"id":126,"x":424,"y":443,"width":42,"height":21,"xoffset":-3,"yoffset":39,"xadvance":38,"page":0,"chnl":0}],"kernings":[],"info":{"face":"Bryant-Bold","size":78,"bold":0,"italic":0,"charset":"","unicode":0,"stretchH":100,"smooth":1,"aa":1,"padding":[4,4,4,4],"spacing":[-8,-8]},"common":{"lineHeight":92,"base":73,"scaleW":512,"scaleH":512,"pages":1,"packed":0}}