{
    "pages": ["roboto-bold.png"],
    "chars": [{
        "id": 0,
        "x": 0,
        "y": 0,
        "width": 0,
        "height": 0,
        "xoffset": -3,
        "yoffset": 0,
        "xadvance": 0,
        "page": 0,
        "chnl": 0
    }, {
        "id": 10,
        "x": 0,
        "y": 0,
        "width": 0,
        "height": 0,
        "xoffset": -3,
        "yoffset": 0,
        "xadvance": 0,
        "page": 0,
        "chnl": 0
    }, {
        "id": 32,
        "x": 0,
        "y": 0,
        "width": 0,
        "height": 0,
        "xoffset": -3,
        "yoffset": 0,
        "xadvance": 19,
        "page": 0,
        "chnl": 0
    }, {
        "id": 33,
        "x": 487,
        "y": 152,
        "width": 19,
        "height": 63,
        "xoffset": -3,
        "yoffset": 14,
        "xadvance": 21,
        "page": 0,
        "chnl": 0
    }, {
        "id": 34,
        "x": 218,
        "y": 453,
        "width": 27,
        "height": 28,
        "xoffset": -3,
        "yoffset": 10,
        "xadvance": 25,
        "page": 0,
        "chnl": 0
    }, {
        "id": 35,
        "x": 270,
        "y": 341,
        "width": 49,
        "height": 62,
        "xoffset": -3,
        "yoffset": 14,
        "xadvance": 46,
        "page": 0,
        "chnl": 0
    }, {
        "id": 36,
        "x": 194,
        "y": 0,
        "width": 45,
        "height": 80,
        "xoffset": -3,
        "yoffset": 5,
        "xadvance": 45,
        "page": 0,
        "chnl": 0
    }, {
        "id": 37,
        "x": 330,
        "y": 152,
        "width": 58,
        "height": 64,
        "xoffset": -3,
        "yoffset": 13,
        "xadvance": 58,
        "page": 0,
        "chnl": 0
    }, {
        "id": 38,
        "x": 388,
        "y": 152,
        "width": 55,
        "height": 64,
        "xoffset": -3,
        "yoffset": 13,
        "xadvance": 51,
        "page": 0,
        "chnl": 0
    }, {
        "id": 39,
        "x": 496,
        "y": 279,
        "width": 15,
        "height": 28,
        "xoffset": -3,
        "yoffset": 10,
        "xadvance": 13,
        "page": 0,
        "chnl": 0
    }, {
        "id": 40,
        "x": 0,
        "y": 0,
        "width": 28,
        "height": 85,
        "xoffset": -3,
        "yoffset": 8,
        "xadvance": 27,
        "page": 0,
        "chnl": 0
    }, {
        "id": 41,
        "x": 28,
        "y": 0,
        "width": 29,
        "height": 85,
        "xoffset": -3,
        "yoffset": 8,
        "xadvance": 28,
        "page": 0,
        "chnl": 0
    }, {
        "id": 42,
        "x": 79,
        "y": 453,
        "width": 40,
        "height": 40,
        "xoffset": -3,
        "yoffset": 14,
        "xadvance": 35,
        "page": 0,
        "chnl": 0
    }, {
        "id": 43,
        "x": 463,
        "y": 403,
        "width": 45,
        "height": 46,
        "xoffset": -3,
        "yoffset": 24,
        "xadvance": 43,
        "page": 0,
        "chnl": 0
    }, {
        "id": 44,
        "x": 198,
        "y": 453,
        "width": 20,
        "height": 30,
        "xoffset": -3,
        "yoffset": 60,
        "xadvance": 19,
        "page": 0,
        "chnl": 0
    }, {
        "id": 45,
        "x": 442,
        "y": 453,
        "width": 28,
        "height": 16,
        "xoffset": -3,
        "yoffset": 41,
        "xadvance": 30,
        "page": 0,
        "chnl": 0
    }, {
        "id": 46,
        "x": 422,
        "y": 453,
        "width": 20,
        "height": 19,
        "xoffset": -3,
        "yoffset": 57,
        "xadvance": 23,
        "page": 0,
        "chnl": 0
    }, {
        "id": 47,
        "x": 465,
        "y": 0,
        "width": 36,
        "height": 67,
        "xoffset": -3,
        "yoffset": 14,
        "xadvance": 29,
        "page": 0,
        "chnl": 0
    }, {
        "id": 48,
        "x": 285,
        "y": 152,
        "width": 45,
        "height": 64,
        "xoffset": -3,
        "yoffset": 13,
        "xadvance": 45,
        "page": 0,
        "chnl": 0
    }, {
        "id": 49,
        "x": 49,
        "y": 216,
        "width": 31,
        "height": 63,
        "xoffset": -3,
        "yoffset": 13,
        "xadvance": 45,
        "page": 0,
        "chnl": 0
    }, {
        "id": 50,
        "x": 80,
        "y": 216,
        "width": 46,
        "height": 63,
        "xoffset": -3,
        "yoffset": 13,
        "xadvance": 45,
        "page": 0,
        "chnl": 0
    }, {
        "id": 51,
        "x": 104,
        "y": 152,
        "width": 46,
        "height": 64,
        "xoffset": -3,
        "yoffset": 13,
        "xadvance": 45,
        "page": 0,
        "chnl": 0
    }, {
        "id": 52,
        "x": 177,
        "y": 341,
        "width": 47,
        "height": 62,
        "xoffset": -3,
        "yoffset": 14,
        "xadvance": 45,
        "page": 0,
        "chnl": 0
    }, {
        "id": 53,
        "x": 126,
        "y": 216,
        "width": 44,
        "height": 63,
        "xoffset": -3,
        "yoffset": 14,
        "xadvance": 45,
        "page": 0,
        "chnl": 0
    }, {
        "id": 54,
        "x": 150,
        "y": 152,
        "width": 46,
        "height": 64,
        "xoffset": -3,
        "yoffset": 13,
        "xadvance": 45,
        "page": 0,
        "chnl": 0
    }, {
        "id": 55,
        "x": 224,
        "y": 341,
        "width": 46,
        "height": 62,
        "xoffset": -3,
        "yoffset": 14,
        "xadvance": 45,
        "page": 0,
        "chnl": 0
    }, {
        "id": 56,
        "x": 196,
        "y": 152,
        "width": 45,
        "height": 64,
        "xoffset": -3,
        "yoffset": 13,
        "xadvance": 45,
        "page": 0,
        "chnl": 0
    }, {
        "id": 57,
        "x": 241,
        "y": 152,
        "width": 44,
        "height": 64,
        "xoffset": -3,
        "yoffset": 13,
        "xadvance": 45,
        "page": 0,
        "chnl": 0
    }, {
        "id": 58,
        "x": 482,
        "y": 341,
        "width": 20,
        "height": 50,
        "xoffset": -3,
        "yoffset": 26,
        "xadvance": 22,
        "page": 0,
        "chnl": 0
    }, {
        "id": 59,
        "x": 481,
        "y": 85,
        "width": 21,
        "height": 64,
        "xoffset": -3,
        "yoffset": 26,
        "xadvance": 20,
        "page": 0,
        "chnl": 0
    }, {
        "id": 60,
        "x": 0,
        "y": 453,
        "width": 39,
        "height": 43,
        "xoffset": -3,
        "yoffset": 28,
        "xadvance": 40,
        "page": 0,
        "chnl": 0
    }, {
        "id": 61,
        "x": 157,
        "y": 453,
        "width": 41,
        "height": 32,
        "xoffset": -3,
        "yoffset": 32,
        "xadvance": 45,
        "page": 0,
        "chnl": 0
    }, {
        "id": 62,
        "x": 39,
        "y": 453,
        "width": 40,
        "height": 43,
        "xoffset": -3,
        "yoffset": 28,
        "xadvance": 40,
        "page": 0,
        "chnl": 0
    }, {
        "id": 63,
        "x": 170,
        "y": 216,
        "width": 42,
        "height": 63,
        "xoffset": -3,
        "yoffset": 13,
        "xadvance": 39,
        "page": 0,
        "chnl": 0
    }, {
        "id": 64,
        "x": 239,
        "y": 0,
        "width": 70,
        "height": 78,
        "xoffset": -3,
        "yoffset": 16,
        "xadvance": 70,
        "page": 0,
        "chnl": 0
    }, {
        "id": 65,
        "x": 212,
        "y": 216,
        "width": 59,
        "height": 62,
        "xoffset": -3,
        "yoffset": 14,
        "xadvance": 52,
        "page": 0,
        "chnl": 0
    }, {
        "id": 66,
        "x": 271,
        "y": 216,
        "width": 48,
        "height": 62,
        "xoffset": -3,
        "yoffset": 14,
        "xadvance": 50,
        "page": 0,
        "chnl": 0
    }, {
        "id": 67,
        "x": 377,
        "y": 85,
        "width": 52,
        "height": 64,
        "xoffset": -3,
        "yoffset": 13,
        "xadvance": 51,
        "page": 0,
        "chnl": 0
    }, {
        "id": 68,
        "x": 319,
        "y": 216,
        "width": 50,
        "height": 62,
        "xoffset": -3,
        "yoffset": 14,
        "xadvance": 51,
        "page": 0,
        "chnl": 0
    }, {
        "id": 69,
        "x": 369,
        "y": 216,
        "width": 45,
        "height": 62,
        "xoffset": -3,
        "yoffset": 14,
        "xadvance": 44,
        "page": 0,
        "chnl": 0
    }, {
        "id": 70,
        "x": 414,
        "y": 216,
        "width": 44,
        "height": 62,
        "xoffset": -3,
        "yoffset": 14,
        "xadvance": 43,
        "page": 0,
        "chnl": 0
    }, {
        "id": 71,
        "x": 429,
        "y": 85,
        "width": 52,
        "height": 64,
        "xoffset": -3,
        "yoffset": 13,
        "xadvance": 53,
        "page": 0,
        "chnl": 0
    }, {
        "id": 72,
        "x": 458,
        "y": 216,
        "width": 53,
        "height": 62,
        "xoffset": -3,
        "yoffset": 14,
        "xadvance": 55,
        "page": 0,
        "chnl": 0
    }, {
        "id": 73,
        "x": 0,
        "y": 279,
        "width": 19,
        "height": 62,
        "xoffset": -3,
        "yoffset": 14,
        "xadvance": 23,
        "page": 0,
        "chnl": 0
    }, {
        "id": 74,
        "x": 443,
        "y": 152,
        "width": 44,
        "height": 63,
        "xoffset": -3,
        "yoffset": 14,
        "xadvance": 44,
        "page": 0,
        "chnl": 0
    }, {
        "id": 75,
        "x": 19,
        "y": 279,
        "width": 52,
        "height": 62,
        "xoffset": -3,
        "yoffset": 14,
        "xadvance": 50,
        "page": 0,
        "chnl": 0
    }, {
        "id": 76,
        "x": 71,
        "y": 279,
        "width": 43,
        "height": 62,
        "xoffset": -3,
        "yoffset": 14,
        "xadvance": 42,
        "page": 0,
        "chnl": 0
    }, {
        "id": 77,
        "x": 114,
        "y": 279,
        "width": 66,
        "height": 62,
        "xoffset": -3,
        "yoffset": 14,
        "xadvance": 68,
        "page": 0,
        "chnl": 0
    }, {
        "id": 78,
        "x": 180,
        "y": 279,
        "width": 52,
        "height": 62,
        "xoffset": -3,
        "yoffset": 14,
        "xadvance": 55,
        "page": 0,
        "chnl": 0
    }, {
        "id": 79,
        "x": 0,
        "y": 152,
        "width": 54,
        "height": 64,
        "xoffset": -3,
        "yoffset": 13,
        "xadvance": 54,
        "page": 0,
        "chnl": 0
    }, {
        "id": 80,
        "x": 232,
        "y": 279,
        "width": 50,
        "height": 62,
        "xoffset": -3,
        "yoffset": 14,
        "xadvance": 50,
        "page": 0,
        "chnl": 0
    }, {
        "id": 81,
        "x": 309,
        "y": 0,
        "width": 54,
        "height": 74,
        "xoffset": -3,
        "yoffset": 13,
        "xadvance": 54,
        "page": 0,
        "chnl": 0
    }, {
        "id": 82,
        "x": 282,
        "y": 279,
        "width": 50,
        "height": 62,
        "xoffset": -3,
        "yoffset": 14,
        "xadvance": 50,
        "page": 0,
        "chnl": 0
    }, {
        "id": 83,
        "x": 54,
        "y": 152,
        "width": 50,
        "height": 64,
        "xoffset": -3,
        "yoffset": 13,
        "xadvance": 48,
        "page": 0,
        "chnl": 0
    }, {
        "id": 84,
        "x": 332,
        "y": 279,
        "width": 52,
        "height": 62,
        "xoffset": -3,
        "yoffset": 14,
        "xadvance": 48,
        "page": 0,
        "chnl": 0
    }, {
        "id": 85,
        "x": 0,
        "y": 216,
        "width": 49,
        "height": 63,
        "xoffset": -3,
        "yoffset": 14,
        "xadvance": 51,
        "page": 0,
        "chnl": 0
    }, {
        "id": 86,
        "x": 384,
        "y": 279,
        "width": 57,
        "height": 62,
        "xoffset": -3,
        "yoffset": 14,
        "xadvance": 51,
        "page": 0,
        "chnl": 0
    }, {
        "id": 87,
        "x": 0,
        "y": 341,
        "width": 72,
        "height": 62,
        "xoffset": -3,
        "yoffset": 14,
        "xadvance": 68,
        "page": 0,
        "chnl": 0
    }, {
        "id": 88,
        "x": 441,
        "y": 279,
        "width": 55,
        "height": 62,
        "xoffset": -3,
        "yoffset": 14,
        "xadvance": 50,
        "page": 0,
        "chnl": 0
    }, {
        "id": 89,
        "x": 72,
        "y": 341,
        "width": 55,
        "height": 62,
        "xoffset": -3,
        "yoffset": 14,
        "xadvance": 48,
        "page": 0,
        "chnl": 0
    }, {
        "id": 90,
        "x": 127,
        "y": 341,
        "width": 50,
        "height": 62,
        "xoffset": -3,
        "yoffset": 14,
        "xadvance": 47,
        "page": 0,
        "chnl": 0
    }, {
        "id": 91,
        "x": 57,
        "y": 0,
        "width": 24,
        "height": 85,
        "xoffset": -3,
        "yoffset": 4,
        "xadvance": 22,
        "page": 0,
        "chnl": 0
    }, {
        "id": 92,
        "x": 0,
        "y": 85,
        "width": 42,
        "height": 67,
        "xoffset": -3,
        "yoffset": 14,
        "xadvance": 33,
        "page": 0,
        "chnl": 0
    }, {
        "id": 93,
        "x": 81,
        "y": 0,
        "width": 23,
        "height": 85,
        "xoffset": -3,
        "yoffset": 4,
        "xadvance": 22,
        "page": 0,
        "chnl": 0
    }, {
        "id": 94,
        "x": 119,
        "y": 453,
        "width": 38,
        "height": 34,
        "xoffset": -3,
        "yoffset": 14,
        "xadvance": 34,
        "page": 0,
        "chnl": 0
    }, {
        "id": 95,
        "x": 470,
        "y": 453,
        "width": 41,
        "height": 16,
        "xoffset": -3,
        "yoffset": 69,
        "xadvance": 35,
        "page": 0,
        "chnl": 0
    }, {
        "id": 96,
        "x": 396,
        "y": 453,
        "width": 26,
        "height": 19,
        "xoffset": -3,
        "yoffset": 10,
        "xadvance": 26,
        "page": 0,
        "chnl": 0
    }, {
        "id": 97,
        "x": 350,
        "y": 341,
        "width": 44,
        "height": 50,
        "xoffset": -3,
        "yoffset": 27,
        "xadvance": 42,
        "page": 0,
        "chnl": 0
    }, {
        "id": 98,
        "x": 377,
        "y": 0,
        "width": 44,
        "height": 67,
        "xoffset": -3,
        "yoffset": 10,
        "xadvance": 44,
        "page": 0,
        "chnl": 0
    }, {
        "id": 99,
        "x": 394,
        "y": 341,
        "width": 43,
        "height": 50,
        "xoffset": -3,
        "yoffset": 27,
        "xadvance": 41,
        "page": 0,
        "chnl": 0
    }, {
        "id": 100,
        "x": 421,
        "y": 0,
        "width": 44,
        "height": 67,
        "xoffset": -3,
        "yoffset": 10,
        "xadvance": 44,
        "page": 0,
        "chnl": 0
    }, {
        "id": 101,
        "x": 437,
        "y": 341,
        "width": 45,
        "height": 50,
        "xoffset": -3,
        "yoffset": 27,
        "xadvance": 42,
        "page": 0,
        "chnl": 0
    }, {
        "id": 102,
        "x": 42,
        "y": 85,
        "width": 33,
        "height": 66,
        "xoffset": -3,
        "yoffset": 10,
        "xadvance": 28,
        "page": 0,
        "chnl": 0
    }, {
        "id": 103,
        "x": 180,
        "y": 85,
        "width": 45,
        "height": 65,
        "xoffset": -3,
        "yoffset": 27,
        "xadvance": 45,
        "page": 0,
        "chnl": 0
    }, {
        "id": 104,
        "x": 75,
        "y": 85,
        "width": 42,
        "height": 66,
        "xoffset": -1,
        "yoffset": 10,
        "xadvance": 44,
        "page": 0,
        "chnl": 0
    }, {
        "id": 105,
        "x": 225,
        "y": 85,
        "width": 19,
        "height": 65,
        "xoffset": 0,
        "yoffset": 11,
        "xadvance": 21,
        "page": 0,
        "chnl": 0
    }, {
        "id": 106,
        "x": 104,
        "y": 0,
        "width": 30,
        "height": 81,
        "xoffset": -8,
        "yoffset": 12,
        "xadvance": 20,
        "page": 0,
        "chnl": 0
    }, {
        "id": 107,
        "x": 117,
        "y": 85,
        "width": 45,
        "height": 66,
        "xoffset": -3,
        "yoffset": 10,
        "xadvance": 42,
        "page": 0,
        "chnl": 0
    }, {
        "id": 108,
        "x": 162,
        "y": 85,
        "width": 18,
        "height": 66,
        "xoffset": -1,
        "yoffset": 10,
        "xadvance": 21,
        "page": 0,
        "chnl": 0
    }, {
        "id": 109,
        "x": 88,
        "y": 403,
        "width": 66,
        "height": 49,
        "xoffset": -3,
        "yoffset": 27,
        "xadvance": 68,
        "page": 0,
        "chnl": 0
    }, {
        "id": 110,
        "x": 154,
        "y": 403,
        "width": 42,
        "height": 49,
        "xoffset": -1,
        "yoffset": 27,
        "xadvance": 44,
        "page": 0,
        "chnl": 0
    }, {
        "id": 111,
        "x": 0,
        "y": 403,
        "width": 46,
        "height": 50,
        "xoffset": -3,
        "yoffset": 27,
        "xadvance": 44,
        "page": 0,
        "chnl": 0
    }, {
        "id": 112,
        "x": 244,
        "y": 85,
        "width": 44,
        "height": 65,
        "xoffset": -3,
        "yoffset": 27,
        "xadvance": 44,
        "page": 0,
        "chnl": 0
    }, {
        "id": 113,
        "x": 288,
        "y": 85,
        "width": 44,
        "height": 65,
        "xoffset": -3,
        "yoffset": 27,
        "xadvance": 44,
        "page": 0,
        "chnl": 0
    }, {
        "id": 114,
        "x": 196,
        "y": 403,
        "width": 30,
        "height": 49,
        "xoffset": -3,
        "yoffset": 27,
        "xadvance": 28,
        "page": 0,
        "chnl": 0
    }, {
        "id": 115,
        "x": 46,
        "y": 403,
        "width": 42,
        "height": 50,
        "xoffset": -3,
        "yoffset": 27,
        "xadvance": 40,
        "page": 0,
        "chnl": 0
    }, {
        "id": 116,
        "x": 319,
        "y": 341,
        "width": 31,
        "height": 59,
        "xoffset": -6,
        "yoffset": 18,
        "xadvance": 26,
        "page": 0,
        "chnl": 0
    }, {
        "id": 117,
        "x": 226,
        "y": 403,
        "width": 42,
        "height": 49,
        "xoffset": -3,
        "yoffset": 28,
        "xadvance": 44,
        "page": 0,
        "chnl": 0
    }, {
        "id": 118,
        "x": 268,
        "y": 403,
        "width": 45,
        "height": 48,
        "xoffset": -5,
        "yoffset": 28,
        "xadvance": 39,
        "page": 0,
        "chnl": 0
    }, {
        "id": 119,
        "x": 313,
        "y": 403,
        "width": 62,
        "height": 48,
        "xoffset": -3,
        "yoffset": 28,
        "xadvance": 57,
        "page": 0,
        "chnl": 0
    }, {
        "id": 120,
        "x": 375,
        "y": 403,
        "width": 46,
        "height": 48,
        "xoffset": -3,
        "yoffset": 28,
        "xadvance": 40,
        "page": 0,
        "chnl": 0
    }, {
        "id": 121,
        "x": 332,
        "y": 85,
        "width": 45,
        "height": 65,
        "xoffset": -3,
        "yoffset": 28,
        "xadvance": 39,
        "page": 0,
        "chnl": 0
    }, {
        "id": 122,
        "x": 421,
        "y": 403,
        "width": 42,
        "height": 48,
        "xoffset": -3,
        "yoffset": 28,
        "xadvance": 40,
        "page": 0,
        "chnl": 0
    }, {
        "id": 123,
        "x": 134,
        "y": 0,
        "width": 30,
        "height": 81,
        "xoffset": -3,
        "yoffset": 9,
        "xadvance": 26,
        "page": 0,
        "chnl": 0
    }, {
        "id": 124,
        "x": 363,
        "y": 0,
        "width": 14,
        "height": 72,
        "xoffset": -3,
        "yoffset": 14,
        "xadvance": 20,
        "page": 0,
        "chnl": 0
    }, {
        "id": 125,
        "x": 164,
        "y": 0,
        "width": 30,
        "height": 81,
        "xoffset": -3,
        "yoffset": 9,
        "xadvance": 26,
        "page": 0,
        "chnl": 0
    }, {
        "id": 126,
        "x": 347,
        "y": 453,
        "width": 49,
        "height": 24,
        "xoffset": -3,
        "yoffset": 37,
        "xadvance": 51,
        "page": 0,
        "chnl": 0
    }, {
        "id": 8216,
        "x": 296,
        "y": 453,
        "width": 19,
        "height": 26,
        "xoffset": -3,
        "yoffset": 10,
        "xadvance": 18,
        "page": 0,
        "chnl": 0
    }, {
        "id": 8217,
        "x": 245,
        "y": 453,
        "width": 19,
        "height": 27,
        "xoffset": -3,
        "yoffset": 10,
        "xadvance": 18,
        "page": 0,
        "chnl": 0
    }, {
        "id": 8220,
        "x": 315,
        "y": 453,
        "width": 32,
        "height": 26,
        "xoffset": -3,
        "yoffset": 10,
        "xadvance": 32,
        "page": 0,
        "chnl": 0
    }, {
        "id": 8221,
        "x": 264,
        "y": 453,
        "width": 32,
        "height": 27,
        "xoffset": -3,
        "yoffset": 10,
        "xadvance": 32,
        "page": 0,
        "chnl": 0
    }],
    "kernings": [],
    "info": {
        "face": "Roboto Bold",
        "size": 78,
        "bold": 0,
        "italic": 0,
        "charset": "",
        "unicode": 0,
        "stretchH": 100,
        "smooth": 1,
        "aa": 1,
        "padding": [3, 3, 3, 3],
        "spacing": [-6, -6]
    },
    "common": {
        "lineHeight": 92,
        "base": 73,
        "scaleW": 512,
        "scaleH": 512,
        "pages": 1,
        "packed": 0
    }
}